Date,Code,weigh,temperature,Humidity(out),PH,Humidity,sum,result
1,A1,0,25,75,7,6.9,0,fail
2,A1,0,25,75,7,6.9,0,fail
3,A1,70,25,75,7,6.9,70,normal
4,A1,0,25,75,7,6.9,0,fail
5,A1,0,25,75,7,6.9,0,fail
6,A1,0,25,75,7,6.9,0,fail
7,A1,0,25,75,7,7,0,fail
8,A1,0,25,75,7,7,0,fail
9,A1,0,25,75,7,7,0,fail
10,A1,0,25,75,7,7,0,fail
11,A1,0,25,75,7,7,0,fail
12,A1,0,25,75,7,7,0,fail
13,A1,0,25,75,7,7.2,0,fail
14,A1,0,25,75,7,7.2,0,fail
15,A1,0,25,75,7.2,7.2,0,fail
16,A1,0,25,75,7.2,8,0,fail
17,A1,0,25,75,7.2,8,0,fail
18,A1,0,25,75,7.2,8,0,fail
19,A1,0,25,75,7.2,7.5,0,fail
20,A1,0,25,75,6.9,7.3,0,fail
21,A1,0,25,75,6.9,7.3,0,fail
22,A1,0,25,75,6.9,6.8,0,fail
23,A1,0,25,75,6.9,6.8,0,fail
24,A1,0,25,75,7,7,0,fail
25,A1,0,25,75,7,7.2,0,fail
26,A1,70,25,75,7.2,7.2,140,normal
27,A1,0,25,75,7.2,7.8,0,fail
28,A1,0,25,75,7.2,7.8,0,fail
29,A1,0,25,75,7.2,7.7,0,fail
1,A2,0,25,75,6.9,8.2,0,fail
2,A2,0,25,75,6.9,8.2,0,fail
3,A2,0,25,75,7.2,8.3,0,fail
4,A2,0,25,75,7.2,8.3,0,fail
5,A2,90,25,75,7.2,8,90,good
6,A2,0,25,75,7.2,7.5,0,fail
7,A2,0,25,75,7.2,7.2,0,fail
8,A2,0,25,75,7.2,7.8,0,fail
9,A2,0,25,75,7.2,7.5,0,fail
10,A2,0,25,75,7.2,8,0,fail
11,A2,0,25,75,7.2,8.2,0,fail
12,A2,0,25,75,7.2,8.5,0,fail
13,A2,0,25,75,7.2,8.5,0,fail
14,A2,135,25,75,7,9.6,225,over
15,A2,0,25,75,7,6,0,fail
16,A2,0,25,75,7,6.5,0,fail
17,A2,0,25,75,7,6.5,0,fail
18,A2,0,25,75,7,7,0,fail
19,A2,0,25,75,7,7.2,0,fail
20,A2,0,25,75,7,7.8,0,fail
21,A2,0,25,75,7,8,0,fail
22,A2,0,25,75,7,8,0,fail
23,A2,0,25,75,7,8.2,0,fail
24,A2,0,25,75,7,7,0,fail
25,A2,80,25,75,7,7.5,305,good
26,A2,0,25,75,7.2,7.8,0,fail
27,A2,0,25,75,7.2,8,0,fail
28,A2,0,25,75,7,8.2,0,fail
29,A2,0,25,75,7,8.2,0,fail
1,A3,0,25,75,6.9,9.2,0,fail
2,A3,0,25,75,6.9,9.2,0,fail
3,A3,0,25,75,6.9,9.2,0,fail
4,A3,0,25,75,7.1,9.3,0,fail
5,A3,110,25,75,7.1,8.8,110,very good
6,A3,0,25,75,7.1,8.5,0,fail
7,A3,0,25,75,7.1,8.5,0,fail
8,A3,0,25,75,7,8.2,0,fail
9,A3,0,25,75,7,7.8,0,fail
10,A3,0,25,75,7,7.5,0,fail
11,A3,0,25,75,7,8,0,fail
12,A3,0,25,75,7,8.2,0,fail
13,A3,0,25,75,7,8.2,0,fail
14,A3,140,25,75,7,9.6,250,over
15,A3,0,25,75,7,6.9,0,fail
16,A3,0,25,75,7,7,0,fail
17,A3,0,25,75,7,6.5,0,fail
18,A3,0,25,75,7,6.5,0,fail
19,A3,0,25,75,7.4,5.8,0,fail
20,A3,0,25,75,7.4,5.8,0,fail
21,A3,0,25,75,7.4,5.8,0,fail
22,A3,0,25,75,7.4,5.5,0,fail
23,A3,0,25,75,7.4,5.5,0,fail
24,A3,0,25,75,7.2,5.8,0,fail
25,A3,0,25,75,7.2,6.5,0,fail
26,A3,0,25,75,7.2,6.5,0,fail
27,A3,0,25,75,7.2,6.5,0,fail
28,A3,0,25,75,7.2,7.2,0,fail
29,A3,135,25,75,7.2,9.7,385,over
1,A4,0,25,75,7.2,8,0,fail
2,A4,0,25,75,7.2,7.8,0,fail
3,A4,0,25,75,7.2,7,0,fail
4,A4,60,25,75,7.5,6.3,60,normal
5,A4,0,25,75,7.5,6,0,fail
6,A4,0,25,75,7.5,6,0,fail
7,A4,0,25,75,7.5,5.8,0,fail
8,A4,0,25,75,7.5,5.5,0,fail
9,A4,0,25,75,7.5,4.8,0,fail
10,A4,0,25,75,7.5,5,0,fail
11,A4,0,25,75,7.2,5.5,0,fail
12,A4,0,25,75,7.2,6,0,fail
13,A4,0,25,75,7.2,6.8,0,fail
14,A4,0,25,75,7.2,7,0,fail
15,A4,0,25,75,7.2,7.5,0,fail
16,A4,0,25,75,7.2,8.5,0,fail
17,A4,0,25,75,7,8,0,fail
18,A4,0,25,75,7,8,0,fail
19,A4,0,25,75,7,8.2,0,fail
20,A4,0,25,75,7,8.2,0,fail
21,A4,0,25,75,7,8.8,0,fail
22,A4,0,25,75,7,8.5,0,fail
23,A4,0,25,75,7,8.2,0,fail
24,A4,0,25,75,7,7.8,0,fail
25,A4,0,25,75,7,8,0,fail
26,A4,75,25,75,7,7.5,135,good
27,A4,0,25,75,7.3,7,0,fail
28,A4,0,25,75,7.3,7.2,0,fail
29,A4,0,25,75,7.3,7.2,0,fail
1,A5,0,25,75,7,5.8,0,fail
2,A5,0,25,75,7,5.8,0,fail
3,A5,0,25,75,7,6,0,fail
4,A5,0,25,75,7,5.2,0,fail
5,A5,0,25,75,7,5.5,0,fail
6,A5,0,25,75,7,6.2,0,fail
7,A5,0,25,75,7,6.8,0,fail
8,A5,0,25,75,7,7,0,fail
9,A5,0,25,75,7,7.2,0,fail
10,A5,0,25,75,7,7.8,0,fail
11,A5,0,25,75,7,8,0,fail
12,A5,0,25,75,6.9,8.2,0,fail
13,A5,0,25,75,6.9,8.5,0,fail
14,A5,0,25,75,6.9,9,0,fail
15,A5,0,25,75,6.9,8.8,0,fail
16,A5,0,25,75,6.9,8.2,0,fail
17,A5,0,25,75,6.9,8.8,0,fail
18,A5,0,25,75,7.2,9,0,fail
19,A5,0,25,75,7.2,9,0,fail
20,A5,0,25,75,7.2,8.2,0,fail
21,A5,0,25,75,7.2,7.8,0,fail
22,A5,0,25,75,7.2,7,0,fail
23,A5,0,25,75,7.2,7.2,0,fail
24,A5,0,25,75,7.2,6,0,fail
25,A5,0,25,75,7.2,6.8,0,fail
26,A5,50,25,75,7.5,5.8,50,bad
27,A5,0,25,75,7.5,5.2,0,fail
28,A5,0,25,75,7.5,5.5,0,fail
29,A5,0,25,75,7.5,5.8,0,fail
1,A6,0,25,75,7,9.2,0,fail
2,A6,0,25,75,7,9.5,0,fail
3,A6,0,25,75,7,9.2,0,fail
4,A6,0,25,75,7,9.5,0,fail
5,A6,110,25,75,7,9,110,very good
6,A6,0,25,75,7,9.2,0,fail
7,A6,0,25,75,7,8.8,0,fail
8,A6,0,25,75,7,8.2,0,fail
9,A6,0,25,75,7,8.2,0,fail
10,A6,0,25,75,7,8,0,fail
11,A6,0,25,75,7.2,7.8,0,fail
12,A6,0,25,75,7,7.5,0,fail
13,A6,0,25,75,7,7.2,0,fail
14,A6,0,25,75,7,7.5,0,fail
15,A6,0,25,75,7,8,0,fail
16,A6,0,25,75,7,8.2,0,fail
17,A6,0,25,75,7,8,0,fail
18,A6,0,25,75,7,7.8,0,fail
19,A6,0,25,75,7,8,0,fail
20,A6,0,25,75,7,8.8,0,fail
21,A6,0,25,75,7,9,0,fail
22,A6,138,25,75,7.2,10,248,over
23,A6,0,25,75,7.2,7.2,0,fail
24,A6,0,25,75,7.2,7.5,0,fail
25,A6,0,25,75,7.2,7.2,0,fail
26,A6,0,25,75,7.2,6.8,0,fail
27,A6,0,25,75,7.2,5.8,0,fail
28,A6,0,25,75,7.2,5.5,0,fail
29,A6,0,25,75,7.2,6,0,fail
1,A7,0,25,75,7,8,0,fail
2,A7,0,25,75,7,7.8,0,fail
3,A7,0,25,75,7,7,0,fail
4,A7,60,25,75,7,6.3,60,normal
5,A7,0,25,75,7,7,0,fail
6,A7,0,25,75,7.1,7.5,0,fail
7,A7,0,25,75,7.1,8.5,0,fail
8,A7,0,25,75,7.1,9,0,fail
9,A7,0,25,75,7.1,8.8,0,fail
10,A7,0,25,75,7.1,8,0,fail
11,A7,0,25,75,7.1,7.5,0,fail
12,A7,0,25,75,7.1,7,0,fail
13,A7,0,25,75,7.1,6.2,0,fail
14,A7,0,25,75,7.1,5.5,0,fail
15,A7,0,25,75,7.1,6,0,fail
16,A7,0,25,75,7.1,6.5,0,fail
17,A7,0,25,75,7.1,6.2,0,fail
18,A7,0,25,75,7.1,5.8,0,fail
19,A7,0,25,75,7.1,5.4,0,fail
20,A7,0,25,75,7,5.2,0,fail
21,A7,90,25,75,7.2,9.5,150,good
22,A7,0,25,75,7,6.2,0,fail
23,A7,0,25,75,7,6.5,0,fail
24,A7,0,25,75,7,7,0,fail
25,A7,0,25,75,7,7.5,0,fail
26,A7,0,25,75,7,7.5,0,fail
27,A7,0,25,75,7,7.8,0,fail
28,A7,0,25,75,7,7.2,0,fail
29,A7,0,25,75,7,8,0,fail
1,A8,0,25,75,7.2,9.2,0,fail
2,A8,0,25,75,7.2,9.5,0,fail
3,A8,0,25,75,7.2,9.2,0,fail
4,A8,90,25,75,7.2,9.5,90,good
5,A8,0,25,75,7.2,9,0,fail
6,A8,0,25,75,7.2,9.2,0,fail
7,A8,0,25,75,7.2,8.8,0,fail
8,A8,0,25,75,7.2,8.8,0,fail
9,A8,0,25,75,7,8.5,0,fail
10,A8,0,25,75,7,8.2,0,fail
11,A8,0,25,75,7,8,0,fail
12,A8,0,25,75,7,7.5,0,fail
13,A8,0,25,75,7,7.2,0,fail
14,A8,0,25,75,7,7.5,0,fail
15,A8,0,25,75,7,8,0,fail
16,A8,0,25,75,7,6,0,fail
17,A8,0,25,75,7,6.5,0,fail
18,A8,0,25,75,7,7,0,fail
19,A8,0,25,75,7,7.2,0,fail
20,A8,0,25,75,7,7.2,0,fail
21,A8,0,25,75,7,5.8,0,fail
22,A8,0,25,75,7.2,6,0,fail
23,A8,0,25,75,7.2,6.2,0,fail
24,A8,0,25,75,7.2,5.8,0,fail
25,A8,0,25,75,7.2,5.5,0,fail
26,A8,0,25,75,7.2,6,0,fail
27,A8,50,25,75,7.2,5.8,140,bad
28,A8,0,25,75,7.2,5,0,fail
29,A8,0,25,75,7.2,5.2,0,fail
1,A9,0,25,75,7,9.2,0,fail
2,A9,0,25,75,7,9.5,0,fail
3,A9,0,25,75,7,9.2,0,fail
4,A9,0,25,75,7,9.5,0,fail
5,A9,100,25,75,7,8.3,100,very good
6,A9,0,25,75,7.2,9.2,0,fail
7,A9,0,25,75,7.2,8.8,0,fail
8,A9,0,25,75,7.2,8.8,0,fail
9,A9,0,25,75,7.1,8.5,0,fail
10,A9,0,25,75,7.1,8.2,0,fail
11,A9,0,25,75,7.1,8,0,fail
12,A9,0,25,75,7.1,7.5,0,fail
13,A9,0,25,75,7.1,7.2,0,fail
14,A9,0,25,75,7.1,7.5,0,fail
15,A9,0,25,75,7.1,8,0,fail
16,A9,0,25,75,7.1,6,0,fail
17,A9,0,25,75,7.1,6.5,0,fail
18,A9,0,25,75,7.1,7,0,fail
19,A9,0,25,75,7.1,7.2,0,fail
20,A9,0,25,75,7.2,7.2,0,fail
21,A9,0,25,75,7.2,5.8,0,fail
22,A9,0,25,75,7.2,6,0,fail
23,A9,0,25,75,7.2,6.2,0,fail
24,A9,0,25,75,7.2,5.8,0,fail
25,A9,0,25,75,7.2,5.5,0,fail
26,A9,0,25,75,7.2,6,0,fail
27,A9,0,25,75,7.2,7.8,0,fail
28,A9,0,25,75,7.2,8.8,0,fail
29,A9,145,25,75,7.2,10,245,over
1,A10,0,25,75,7,8,0,fail
2,A10,0,25,75,7,7.8,0,fail
3,A10,0,25,75,7,7,0,fail
4,A10,0,25,75,7,6.3,0,fail
5,A10,100,25,75,7.1,8.3,100,very good
6,A10,0,25,75,7.1,8.5,0,fail
7,A10,0,25,75,7.1,9,0,fail
8,A10,0,25,75,7.1,8.2,0,fail
9,A10,0,25,75,7.1,7.8,0,fail
10,A10,0,25,75,7.1,8,0,fail
11,A10,0,25,75,7.1,8.5,0,fail
12,A10,0,25,75,7.1,8.8,0,fail
13,A10,0,25,75,7.1,8.8,0,fail
14,A10,0,25,75,7.1,8.2,0,fail
15,A10,0,25,75,7.1,7.5,0,fail
16,A10,0,25,75,7.1,8.5,0,fail
17,A10,0,25,75,7.1,7,0,fail
18,A10,0,25,75,7.1,7.8,0,fail
19,A10,0,25,75,7.1,8.2,0,fail
20,A10,135,25,75,7,9.8,235,over
21,A10,0,25,75,7,8.8,0,fail
22,A10,0,25,75,7,8.5,0,fail
23,A10,0,25,75,7,7,0,fail
24,A10,0,25,75,7,7.8,0,fail
25,A10,0,25,75,7,7.5,0,fail
26,A10,0,25,75,7,7.5,0,fail
27,A10,0,25,75,7,7,0,fail
28,A10,0,25,75,7,7.2,0,fail
29,A10,0,25,75,7,7.2,0,fail
1,A11,0,25,75,6.9,9,0,fail
2,A11,0,25,75,6.9,8.8,0,fail
3,A11,0,25,75,7,8.5,0,fail
4,A11,0,25,75,7,9,0,fail
5,A11,0,25,75,7,9,0,fail
6,A11,0,25,75,7,8.2,0,fail
7,A11,0,25,75,7,7.5,0,fail
8,A11,90,25,75,7.2,8,90,good
9,A11,0,25,75,7,7.8,0,fail
10,A11,0,25,75,7,8,0,fail
11,A11,0,25,75,7.2,8.5,0,fail
12,A11,0,25,75,7.2,8.8,0,fail
13,A11,0,25,75,7.2,8.8,0,fail
14,A11,0,25,75,7.2,8.2,0,fail
15,A11,0,25,75,7.2,7.5,0,fail
16,A11,0,25,75,7.2,8.5,0,fail
17,A11,0,25,75,7.2,7,0,fail
18,A11,0,25,75,7.2,7.8,0,fail
19,A11,0,25,75,7.2,8.2,0,fail
20,A11,0,25,75,7.1,9,0,fail
21,A11,0,25,75,7.1,8.8,0,fail
22,A11,0,25,75,7.1,9.2,0,fail
23,A11,0,25,75,7.1,9,0,fail
24,A11,0,25,75,7.1,8.8,0,fail
25,A11,0,25,75,7.1,8.5,0,fail
26,A11,0,25,75,7.1,7,0,fail
27,A11,70,25,75,7,7,160,normal
28,A11,0,25,75,7,6.5,0,fail
29,A11,0,25,75,7,6,0,fail
1,A12,0,25,75,7,9,0,fail
2,A12,0,25,75,7,8.8,0,fail
3,A12,0,25,75,7,8.5,0,fail
4,A12,80,25,75,7,7.8,80,good
5,A12,0,25,75,7,9,0,fail
6,A12,0,25,75,7,8.2,0,fail
7,A12,0,25,75,7,7.5,0,fail
8,A12,0,25,75,7,8.2,0,fail
9,A12,0,25,75,7,7.8,0,fail
10,A12,0,25,75,7,6,0,fail
11,A12,0,25,75,7.2,5.8,0,fail
12,A12,0,25,75,7.2,7.5,0,fail
13,A12,0,25,75,7.2,8,0,fail
14,A12,0,25,75,7.2,8.2,0,fail
15,A12,0,25,75,7.2,7.5,0,fail
16,A12,0,25,75,7.2,8.5,0,fail
17,A12,0,25,75,7.2,7,0,fail
18,A12,0,25,75,7.2,7.8,0,fail
19,A12,0,25,75,7.2,8.2,0,fail
20,A12,0,25,75,7.4,7.2,0,fail
21,A12,0,25,75,7.4,7,0,fail
22,A12,0,25,75,7.4,6.8,0,fail
23,A12,60,25,75,7.4,6.2,140,normal
24,A12,0,25,75,7.4,5.5,0,fail
25,A12,0,25,75,7.4,6,0,fail
26,A12,0,25,75,7.4,7.8,0,fail
27,A12,0,25,75,7.2,9,0,fail
28,A12,0,25,75,7.2,8.8,0,fail
29,A12,0,25,75,7.2,9.2,0,fail
1,A13,0,25,75,7,9,0,fail
2,A13,0,25,75,7,8.5,0,fail
3,A13,0,25,75,7,7,0,fail
4,A13,0,25,75,7,8.2,0,fail
5,A13,120,25,75,7,9.5,120,very good
6,A13,0,25,75,7,8,0,fail
7,A13,0,25,75,7,8.8,0,fail
8,A13,0,25,75,7,9,0,fail
9,A13,0,25,75,7,6,0,fail
10,A13,0,25,75,7,6.5,0,fail
11,A13,0,25,75,7,5.8,0,fail
12,A13,0,25,75,7,5.5,0,fail
13,A13,0,25,75,7,4,0,fail
14,A13,0,25,75,7.2,4.2,0,fail
15,A13,0,25,75,7.2,4.8,0,fail
16,A13,0,25,75,7.2,5.8,0,fail
17,A13,0,25,75,7.2,6,0,fail
18,A13,0,25,75,7.2,6.5,0,fail
19,A13,0,25,75,7.2,7,0,fail
20,A13,0,25,75,7.2,7.2,0,fail
21,A13,0,25,75,7.2,8,0,fail
22,A13,0,25,75,7.2,8.2,0,fail
23,A13,0,25,75,7.2,8.5,0,fail
24,A13,0,25,75,7.2,9,0,fail
25,A13,50,25,75,7.2,5.5,170,bad
26,A13,0,25,75,7.2,7.8,0,fail
27,A13,0,25,75,7.2,8.8,0,fail
28,A13,0,25,75,7.2,9,0,fail
29,A13,0,25,75,7.2,9.2,0,fail
1,A14,0,25,75,7,9,0,fail
2,A14,0,25,75,7,8.5,0,fail
3,A14,140,25,75,7,9.8,140,over
4,A14,0,25,75,7,8.2,0,fail
5,A14,0,25,75,7,8.8,0,fail
6,A14,0,25,75,7,8,0,fail
7,A14,0,25,75,6.8,7.5,0,fail
8,A14,0,25,75,6.8,8.2,0,fail
9,A14,0,25,75,6.8,8.5,0,fail
10,A14,0,25,75,6.8,6.5,0,fail
11,A14,0,25,75,6.8,5.8,0,fail
12,A14,0,25,75,6.8,5.5,0,fail
13,A14,0,25,75,6.8,4,0,fail
14,A14,0,25,75,6.8,4.2,0,fail
15,A14,0,25,75,6.8,4.8,0,fail
16,A14,0,25,75,6.8,5,0,fail
17,A14,0,25,75,6.8,5.2,0,fail
18,A14,0,25,75,7,6.5,0,fail
19,A14,0,25,75,7,7,0,fail
20,A14,0,25,75,7,7.2,0,fail
21,A14,0,25,75,7,8,0,fail
22,A14,0,25,75,7,8.2,0,fail
23,A14,0,25,75,7,8.5,0,fail
24,A14,0,25,75,7,7,0,fail
25,A14,50,25,75,7,5.7,190,bad
26,A14,0,25,75,7,6.2,0,fail
27,A14,0,25,75,7.2,7,0,fail
28,A14,0,25,75,7.2,8.8,0,fail
29,A14,0,25,75,7.2,7,0,fail
1,A15,0,25,75,7,5.5,0,fail
2,A15,0,25,75,7,6,0,fail
3,A15,0,25,75,7,6.2,0,fail
4,A15,0,25,75,7,6.5,0,fail
5,A15,0,25,75,7,7,0,fail
6,A15,0,25,75,7,7.2,0,fail
7,A15,0,25,75,7.2,6.8,0,fail
8,A15,135,25,75,7.2,9.7,135,over
9,A15,0,25,75,7.2,7.5,0,fail
10,A15,0,25,75,7.2,8,0,fail
11,A15,0,25,75,7.2,8.2,0,fail
12,A15,0,25,75,7.2,6,0,fail
13,A15,0,25,75,7.2,5.5,0,fail
14,A15,0,25,75,7.2,4.2,0,fail
15,A15,0,25,75,7.2,4.8,0,fail
16,A15,0,25,75,7.2,5.8,0,fail
17,A15,0,25,75,7.4,6,0,fail
18,A15,0,25,75,7.4,6.5,0,fail
19,A15,0,25,75,7.4,7,0,fail
20,A15,0,25,75,7.4,7.2,0,fail
21,A15,0,25,75,7.4,8,0,fail
22,A15,0,25,75,7.4,8.2,0,fail
23,A15,0,25,75,7.4,7,0,fail
24,A15,0,25,75,7.4,6.8,0,fail
25,A15,0,25,75,7.4,5.5,0,fail
26,A15,0,25,75,7.4,7.8,0,fail
27,A15,50,25,75,7.4,6,185,bad
28,A15,0,25,75,7.2,6.5,0,fail
29,A15,0,25,75,7.2,7,0,fail
1,A16,0,25,75,7.4,9,0,fail
2,A16,0,25,75,7.4,8.5,0,fail
3,A16,0,25,75,7.4,9.2,0,fail
4,A16,50,25,75,7.5,8.2,50,bad
5,A16,0,25,75,7.5,4.5,0,fail
6,A16,0,25,75,7.5,5,0,fail
7,A16,0,25,75,7.5,5.8,0,fail
8,A16,0,25,75,7.5,6.2,0,fail
9,A16,0,25,75,7.5,5.5,0,fail
10,A16,0,25,75,7.5,4,0,fail
11,A16,0,25,75,7.5,6.2,0,fail
12,A16,0,25,75,7.5,7,0,fail
13,A16,0,25,75,7.5,7.8,0,fail
14,A16,0,25,75,7.2,8,0,fail
15,A16,0,25,75,7.2,8.2,0,fail
16,A16,0,25,75,7.2,9,0,fail
17,A16,0,25,75,7.2,9.5,0,fail
18,A16,0,25,75,7.2,8,0,fail
19,A16,0,25,75,7.2,7.2,0,fail
20,A16,0,25,75,7.2,6.5,0,fail
21,A16,0,25,75,7.2,6,0,fail
22,A16,0,25,75,7.2,6.8,0,fail
23,A16,0,25,75,7.2,8,0,fail
24,A16,0,25,75,7.2,4.5,0,fail
25,A16,0,25,75,7.2,5.5,0,fail
26,A16,100,25,75,7.2,8.5,150,very good
27,A16,0,25,75,7,6.5,0,fail
28,A16,0,25,75,7,7,0,fail
29,A16,0,25,75,7,7.8,0,fail
1,A17,0,25,75,7,9,0,fail
2,A17,0,25,75,7,7,0,fail
3,A17,10,25,75,7,3,10,very bad
4,A17,20,25,75,7,8.2,30,very bad
5,A17,0,25,75,7,4.5,0,fail
6,A17,0,25,75,7,5,0,fail
7,A17,0,25,75,7,6.2,0,fail
8,A17,0,25,75,7,5.8,0,fail
9,A17,0,25,75,7,5.5,0,fail
10,A17,0,25,75,7,4,0,fail
11,A17,0,25,75,7,6.2,0,fail
12,A17,0,25,75,7,7,0,fail
13,A17,0,25,75,7,7.8,0,fail
14,A17,0,25,75,7,8,0,fail
15,A17,0,25,75,7,8.2,0,fail
16,A17,0,25,75,7,9,0,fail
17,A17,60,25,75,7,6.4,90,normal
18,A17,0,25,75,7,5,0,fail
19,A17,0,25,75,7.2,5.2,0,fail
20,A17,0,25,75,7.2,4.8,0,fail
21,A17,0,25,75,7.2,5,0,fail
22,A17,70,25,75,7.2,7.2,160,normal
23,A17,0,25,75,7.2,8,0,fail
24,A17,0,25,75,7.2,7.8,0,fail
25,A17,0,25,75,7.2,7,0,fail
26,A17,0,25,75,7.2,6.8,0,fail
27,A17,0,25,75,7.2,6.5,0,fail
28,A17,0,25,75,7.2,7,0,fail
29,A17,0,25,75,7.2,7.8,0,fail
1,A18,0,25,75,7,8.5,0,fail
2,A18,0,25,75,7,7,0,fail
3,A18,0,25,75,7,7.2,0,fail
4,A18,0,25,75,7,6.9,0,fail
5,A18,0,25,75,7,4.5,0,fail
6,A18,0,25,75,7,5,0,fail
7,A18,0,25,75,7,6.2,0,fail
8,A18,110,25,75,7,5.8,110,very good
9,A18,0,25,75,7,5.5,0,fail
10,A18,0,25,75,7,4,0,fail
11,A18,130,25,75,7,9.7,240,very good
12,A18,0,25,75,7,7,0,fail
13,A18,0,25,75,7,7.8,0,fail
14,A18,0,25,75,7,8,0,fail
15,A18,0,25,75,7.2,8.2,0,fail
16,A18,0,25,75,7.2,7,0,fail
17,A18,0,25,75,7.2,6.5,0,fail
18,A18,0,25,75,7.2,5,0,fail
19,A18,0,25,75,7.2,5.2,0,fail
20,A18,0,25,75,7.2,4.8,0,fail
21,A18,0,25,75,7.2,5.5,0,fail
22,A18,20,25,75,7.2,3.8,260,very bad
23,A18,0,25,75,7.2,4.5,0,fail
24,A18,0,25,75,7.2,4.7,0,fail
25,A18,0,25,75,7,5,0,fail
26,A18,0,25,75,7,5.8,0,fail
27,A18,0,25,75,7,6.5,0,fail
28,A18,0,25,75,7,7.2,0,fail
29,A18,0,25,75,7,6,0,fail
1,A19,0,25,75,7,8.5,0,fail
2,A19,0,25,75,7,7,0,fail
3,A19,0,25,75,7,7.2,0,fail
4,A19,70,25,75,7,6.9,70,normal
5,A19,0,25,75,7,4.5,0,fail
6,A19,0,25,75,7,5,0,fail
7,A19,0,25,75,7,6.2,0,fail
8,A19,0,25,75,7,5.8,0,fail
9,A19,0,25,75,7,5.5,0,fail
10,A19,0,25,75,7,4,0,fail
11,A19,0,25,75,7,6.2,0,fail
12,A19,0,25,75,7,6.9,0,fail
13,A19,0,25,75,7,7.8,0,fail
14,A19,140,25,75,7,10,210,over
15,A19,0,25,75,7.4,8.2,0,fail
16,A19,0,25,75,7.4,7.2,0,fail
17,A19,0,25,75,7.4,6.4,0,fail
18,A19,0,25,75,7.4,5,0,fail
19,A19,0,25,75,7.4,5.2,0,fail
20,A19,0,25,75,7.4,4.8,0,fail
21,A19,0,25,75,7.4,5,0,fail
22,A19,0,25,75,7.4,7.2,0,fail
23,A19,0,25,75,7.4,8,0,fail
24,A19,0,25,75,7.5,7.8,0,fail
25,A19,0,25,75,7.5,7,0,fail
26,A19,0,25,75,7.5,6.8,0,fail
27,A19,0,25,75,7.5,6.5,0,fail
28,A19,0,25,75,7.5,5.5,0,fail
29,A19,0,25,75,7.5,6,0,fail
1,A20,0,25,75,6.8,8.5,0,fail
2,A20,0,25,75,6.8,7,0,fail
3,A20,0,25,75,6.8,7.2,0,fail
4,A20,0,25,75,6.8,6.9,0,fail
5,A20,80,25,75,7,7.2,80,good
6,A20,0,25,75,7,5,0,fail
7,A20,0,25,75,7,4.2,0,fail
8,A20,0,25,75,7,5.5,0,fail
9,A20,0,25,75,7,6,0,fail
10,A20,0,25,75,7,6.8,0,fail
11,A20,0,25,75,7,7,0,fail
12,A20,0,25,75,7,7.2,0,fail
13,A20,0,25,75,7,7.8,0,fail
14,A20,0,25,75,7,8,0,fail
15,A20,0,25,75,7,8.2,0,fail
16,A20,0,25,75,7,7,0,fail
17,A20,0,25,75,7,6.5,0,fail
18,A20,0,25,75,7,5,0,fail
19,A20,0,25,75,7,3,0,fail
20,A20,0,25,75,7,3.8,0,fail
21,A20,0,25,75,7,4.7,0,fail
22,A20,0,25,75,7,5,0,fail
23,A20,0,25,75,7,6.2,0,fail
24,A20,0,25,75,7,6.8,0,fail
25,A20,70,25,75,7,7,150,normal
26,A20,0,25,75,7,5.8,0,fail
27,A20,0,25,75,7,6.5,0,fail
28,A20,0,25,75,7,7.2,0,fail
29,A20,0,25,75,7,6,0,fail
1,A21,0,25,75,7,8.5,0,fail
2,A21,0,25,75,7,7,0,fail
3,A21,0,25,75,7,7.2,0,fail
4,A21,0,25,75,7,6.9,0,fail
5,A21,0,25,75,7,7.2,0,fail
6,A21,0,25,75,7,7,0,fail
7,A21,0,25,75,7,8,0,fail
8,A21,70,25,75,7,5.5,70,normal
9,A21,0,25,75,7,7,0,fail
10,A21,30,25,75,7,4.5,100,bad
11,A21,0,25,75,7,7,0,fail
12,A21,0,25,75,7,7.2,0,fail
13,A21,0,25,75,7.2,7.8,0,fail
14,A21,0,25,75,7.2,8,0,fail
15,A21,0,25,75,7.2,8.2,0,fail
16,A21,0,25,75,7.2,7,0,fail
17,A21,0,25,75,7.2,5.5,0,fail
18,A21,0,25,75,7.2,5,0,fail
19,A21,0,25,75,7.2,4.2,0,fail
20,A21,0,25,75,7.2,3.8,0,fail
21,A21,90,25,75,7.4,8.5,190,very good
22,A21,0,25,75,7.4,5,0,fail
23,A21,0,25,75,7.4,6.2,0,fail
24,A21,0,25,75,7.4,6.8,0,fail
25,A21,0,25,75,7.4,7,0,fail
26,A21,0,25,75,7.4,5.8,0,fail
27,A21,0,25,75,7.4,6.5,0,fail
28,A21,0,25,75,7.4,8.5,0,fail
29,A21,0,25,75,7.2,6,0,fail
1,A22,0,25,75,7,8.5,0,fail
2,A22,0,25,75,7,7,0,fail
3,A22,0,25,75,7,7.2,0,fail
4,A22,0,25,75,7,6.9,0,fail
5,A22,0,25,75,7,7.2,0,fail
6,A22,30,25,75,7,5,30,very bad
7,A22,0,25,75,7,4.5,0,fail
8,A22,0,25,75,7,5.5,0,fail
9,A22,0,25,75,7,4.2,0,fail
10,A22,0,25,75,7,4.7,0,fail
11,A22,0,25,75,7,5,0,fail
12,A22,0,25,75,7,5.2,0,fail
13,A22,0,25,75,7,6,0,fail
14,A22,0,25,75,7,6.5,0,fail
15,A22,0,25,75,7,7,0,fail
16,A22,0,25,75,7,7.5,0,fail
17,A22,0,25,75,7,8,0,fail
18,A22,0,25,75,7,8.2,0,fail
19,A22,70,25,75,7,7.2,100,normal
20,A22,0,25,75,7,8.2,0,fail
21,A22,0,25,75,7,8.5,0,fail
22,A22,0,25,75,7.2,9,0,fail
23,A22,0,25,75,7.2,9.2,0,fail
24,A22,0,25,75,7.2,8,0,fail
25,A22,0,25,75,7.2,7.8,0,fail
26,A22,110,25,75,7.2,9.2,210,very good
27,A22,0,25,75,7.2,8.8,0,fail
28,A22,0,25,75,7.2,8,0,fail
29,A22,0,25,75,7.2,7.5,0,fail
1,A23,135,25,75,7,9.5,135,over
2,A23,0,25,75,7,8,0,fail
3,A23,0,25,75,7,7.2,0,fail
4,A23,0,25,75,7,6.9,0,fail
5,A23,0,25,75,7,7.2,0,fail
6,A23,0,25,75,7,7,0,fail
7,A23,0,25,75,7,8,0,fail
8,A23,0,25,75,7,5.5,0,fail
9,A23,0,25,75,7,4,0,fail
10,A23,0,25,75,7,4.5,0,fail
11,A23,0,25,75,7,6,0,fail
12,A23,0,25,75,7,7.2,0,fail
13,A23,40,25,75,7,4.7,175,bad
14,A23,0,25,75,7.2,8,0,fail
15,A23,0,25,75,7.2,8.2,0,fail
16,A23,0,25,75,7.2,7,0,fail
17,A23,0,25,75,7.2,5.5,0,fail
18,A23,0,25,75,7.2,5,0,fail
19,A23,0,25,75,7.2,4.2,0,fail
20,A23,0,25,75,7.2,3.8,0,fail
21,A23,0,25,75,7.2,8.5,0,fail
22,A23,0,25,75,7.2,5,0,fail
23,A23,0,25,75,7.2,6.2,0,fail
24,A23,0,25,75,7.2,6.8,0,fail
25,A23,0,25,75,7.4,7,0,fail
26,A23,0,25,75,7.4,5.8,0,fail
27,A23,0,25,75,7.4,6.5,0,fail
28,A23,65,25,75,7.4,6.7,240,normal
29,A23,0,25,75,7.4,6,0,fail
1,A24,0,25,75,7,8.5,0,fail
2,A24,0,25,75,7,7,0,fail
3,A24,80,25,75,7,8,80,good
4,A24,0,25,75,7,6.9,0,fail
5,A24,0,25,75,7,7.2,0,fail
6,A24,0,25,75,7,7,0,fail
7,A24,0,25,75,7,8,0,fail
8,A24,0,25,75,7,5.5,0,fail
9,A24,0,25,75,7,7,0,fail
10,A24,95,25,75,7.2,9.2,175,very good
11,A24,0,25,75,7.2,7,0,fail
12,A24,0,25,75,7.2,4.2,0,fail
13,A24,0,25,75,7.2,4.8,0,fail
14,A24,0,25,75,7.2,5,0,fail
15,A24,0,25,75,7.2,3.8,0,fail
16,A24,0,25,75,7.2,4,0,fail
17,A24,0,25,75,7.2,4.5,0,fail
18,A24,0,25,75,7.2,5,0,fail
19,A24,0,25,75,7.2,4.2,0,fail
20,A24,0,25,75,7.2,5.8,0,fail
21,A24,0,25,75,7.4,8.5,0,fail
22,A24,0,25,75,7.4,5,0,fail
23,A24,0,25,75,7.4,6.2,0,fail
24,A24,0,25,75,7.4,6.8,0,fail
25,A24,0,25,75,7.4,7,0,fail
26,A24,0,25,75,7.4,5.8,0,fail
27,A24,0,25,75,7.4,6.5,0,fail
28,A24,140,25,75,7.4,10,315,over
29,A24,0,25,75,7.4,6.2,0,fail
1,A25,140,25,75,6.8,9.5,140,over
2,A25,0,25,75,6.8,9,0,fail
3,A25,0,25,75,6.8,9.2,0,fail
4,A25,0,25,75,6.8,8.8,0,fail
5,A25,0,25,75,6.8,8.5,0,fail
6,A25,0,25,75,6.8,7,0,fail
7,A25,0,25,75,6.8,7.2,0,fail
8,A25,0,25,75,6.8,6.8,0,fail
9,A25,0,25,75,6.8,7,0,fail
10,A25,0,25,75,6.8,5,0,fail
11,A25,0,25,75,6.8,4.5,0,fail
12,A25,0,25,75,7,4.2,0,fail
13,A25,10,25,75,7,3.2,150,very bad
14,A25,0,25,75,7,3.8,0,fail
15,A25,0,25,75,7,7.8,0,fail
16,A25,0,25,75,7,7.5,0,fail
17,A25,0,25,75,7,6.5,0,fail
18,A25,0,25,75,7,7,0,fail
19,A25,0,25,75,7,8.2,0,fail
20,A25,0,25,75,7,8.5,0,fail
21,A25,0,25,75,7,9,0,fail
22,A25,0,25,75,7,8.5,0,fail
23,A25,0,25,75,7,7,0,fail
24,A25,0,25,75,7,7.2,0,fail
25,A25,80,25,75,7,7.5,230,good
26,A25,0,25,75,7,5.8,0,fail
27,A25,0,25,75,7,6.5,0,fail
28,A25,0,25,75,7,7.2,0,fail
29,A25,0,25,75,7,6,0,fail
1,A26,0,25,75,7,8.5,0,fail
2,A26,0,25,75,7,7,0,fail
3,A26,0,25,75,7,7.2,0,fail
4,A26,0,25,75,7,6.9,0,fail
5,A26,0,25,75,7,7.2,0,fail
6,A26,0,25,75,7,7,0,fail
7,A26,100,25,75,7,8.5,100,very good
8,A26,0,25,75,7,5.5,0,fail
9,A26,0,25,75,7,7,0,fail
10,A26,0,25,75,7,4.5,0,fail
11,A26,0,25,75,7,6.5,0,fail
12,A26,0,25,75,7,6.8,0,fail
13,A26,0,25,75,7.2,7.2,0,fail
14,A26,0,25,75,7.2,8,0,fail
15,A26,0,25,75,7.2,8.2,0,fail
16,A26,0,25,75,7.2,7,0,fail
17,A26,0,25,75,7.2,5.8,0,fail
18,A26,0,25,75,7.2,5,0,fail
19,A26,0,25,75,7.2,4.2,0,fail
20,A26,0,25,75,7.2,3.8,0,fail
21,A26,0,25,75,7.4,8.5,0,fail
22,A26,0,25,75,7.4,5.2,0,fail
23,A26,0,25,75,7.4,6.2,0,fail
24,A26,0,25,75,7.4,6.8,0,fail
25,A26,0,25,75,7.4,7,0,fail
26,A26,0,25,75,7.4,5.8,0,fail
27,A26,0,25,75,7.4,7,0,fail
28,A26,0,25,75,7.4,7.2,0,fail
29,A26,135,25,75,7.2,9.5,235,over
1,A27,0,25,75,7,9.2,0,fail
2,A27,0,25,75,7,9.5,0,fail
3,A27,0,25,75,7,8.8,0,fail
4,A27,0,25,75,7,7,0,fail
5,A27,0,25,75,7,6.5,0,fail
6,A27,0,25,75,7,7.5,0,fail
7,A27,60,25,75,7,8,60,normal
8,A27,0,25,75,7,5.5,0,fail
9,A27,0,25,75,7,7,0,fail
10,A27,0,25,75,7,4.5,0,fail
11,A27,0,25,75,7,7,0,fail
12,A27,0,25,75,7,7.2,0,fail
13,A27,0,25,75,7,7.8,0,fail
14,A27,0,25,75,7,8,0,fail
15,A27,0,25,75,7,8.2,0,fail
16,A27,0,25,75,7,7,0,fail
17,A27,0,25,75,7.2,5.5,0,fail
18,A27,0,25,75,7.2,5,0,fail
19,A27,0,25,75,7.2,4.2,0,fail
20,A27,0,25,75,7.2,3.8,0,fail
21,A27,0,25,75,7.2,8.5,0,fail
22,A27,0,25,75,7.2,8.8,0,fail
23,A27,0,25,75,7.2,9.2,0,fail
24,A27,0,25,75,7.2,8,0,fail
25,A27,0,25,75,7.2,7.5,0,fail
26,A27,40,25,75,7.2,5.8,100,bad
27,A27,0,25,75,7.2,7.5,0,fail
28,A27,0,25,75,7.2,7.8,0,fail
29,A27,60,25,75,7.4,6.2,160,normal
1,A28,0,25,75,7,7.2,0,fail
2,A28,0,25,75,7,8.5,0,fail
3,A28,0,25,75,7,8.8,0,fail
4,A28,0,25,75,7,7.5,0,fail
5,A28,0,25,75,7,6.8,0,fail
6,A28,0,25,75,7,7,0,fail
7,A28,0,25,75,7,7.8,0,fail
8,A28,90,25,75,7,8.2,90,good
9,A28,0,25,75,7,8.8,0,fail
10,A28,0,25,75,7,9,0,fail
11,A28,0,25,75,7,9.2,0,fail
12,A28,0,25,75,7,8.5,0,fail
13,A28,0,25,75,7,8,0,fail
14,A28,0,25,75,7,7.8,0,fail
15,A28,0,25,75,7,7,0,fail
16,A28,0,25,75,7,7,0,fail
17,A28,0,25,75,7.2,6.8,0,fail
18,A28,0,25,75,7.2,5,0,fail
19,A28,0,25,75,7.2,4.2,0,fail
20,A28,0,25,75,7.2,3.8,0,fail
21,A28,0,25,75,7.2,6.7,0,fail
22,A28,0,25,75,7.2,7,0,fail
23,A28,0,25,75,7.2,7.2,0,fail
24,A28,0,25,75,7.2,7.5,0,fail
25,A28,0,25,75,7.2,8,0,fail
26,A28,140,25,75,7.2,9.9,230,over
27,A28,0,25,75,7.2,7.5,0,fail
28,A28,0,25,75,7.2,7.8,0,fail
29,A28,0,25,75,7.4,6.2,0,fail
1,A29,0,25,75,7,5.5,0,fail
2,A29,0,25,75,7,6,0,fail
3,A29,0,25,75,7,6.8,0,fail
4,A29,0,25,75,7,5.8,0,fail
5,A29,0,25,75,7,5.2,0,fail
6,A29,0,25,75,7,4.2,0,fail
7,A29,0,25,75,7,5,0,fail
8,A29,0,25,75,7,6.5,0,fail
9,A29,0,25,75,7,7,0,fail
10,A29,0,25,75,7,7.8,0,fail
11,A29,0,25,75,7.2,8.2,0,fail
12,A29,0,25,75,7.2,8.5,0,fail
13,A29,0,25,75,7.2,7.5,0,fail
14,A29,0,25,75,7.2,7.2,0,fail
15,A29,0,25,75,7.2,6.5,0,fail
16,A29,0,25,75,7.2,4.8,0,fail
17,A29,0,25,75,7.2,4.4,0,fail
18,A29,0,25,75,7.2,4.2,0,fail
19,A29,0,25,75,7.2,5.2,0,fail
20,A29,0,25,75,7.2,5.8,0,fail
21,A29,0,25,75,7.2,6,0,fail
22,A29,0,25,75,7.2,7.5,0,fail
23,A29,0,25,75,7.2,8,0,fail
24,A29,0,25,75,7.5,8.2,0,fail
25,A29,0,25,75,7.5,8.4,0,fail
26,A29,0,25,75,7.5,9,0,fail
27,A29,0,25,75,7.5,8.8,0,fail
28,A29,0,25,75,7.5,8,0,fail
29,A29,0,25,75,7.5,7.5,0,fail
1,A30,0,25,75,7,9.2,0,fail
2,A30,0,25,75,7,9.5,0,fail
3,A30,0,25,75,7,8.8,0,fail
4,A30,0,25,75,7,6.8,0,fail
5,A30,0,25,75,7,7,0,fail
6,A30,0,25,75,7,7.8,0,fail
7,A30,0,25,75,7,8,0,fail
8,A30,80,25,75,7,5.5,80,good
9,A30,0,25,75,7,7,0,fail
10,A30,40,25,75,7,5.2,120,bad
11,A30,0,25,75,7,7,0,fail
12,A30,0,25,75,7,7.2,0,fail
13,A30,0,25,75,7,7.8,0,fail
14,A30,0,25,75,7,8,0,fail
15,A30,0,25,75,7,8.2,0,fail
16,A30,0,25,75,7,7,0,fail
17,A30,0,25,75,7.2,5.5,0,fail
18,A30,0,25,75,7.2,5,0,fail
19,A30,0,25,75,7.2,4,0,fail
20,A30,0,25,75,7.2,3.8,0,fail
21,A30,0,25,75,7.2,8.5,0,fail
22,A30,0,25,75,7.2,9,0,fail
23,A30,0,25,75,7.2,9.2,0,fail
24,A30,0,25,75,7.4,8,0,fail
25,A30,0,25,75,7.4,7.8,0,fail
26,A30,0,25,75,7.4,8.5,0,fail
27,A30,0,25,75,7.4,8,0,fail
28,A30,0,25,75,7.4,7.8,0,fail
29,A30,135,25,75,7.4,9.6,255,over
1,A31,0,25,75,7,7,0,fail
2,A31,0,25,75,7,8,0,fail
3,A31,0,25,75,7,8.2,0,fail
4,A31,0,25,75,7,7.2,0,fail
5,A31,60,25,75,7,6.4,60,normal
6,A31,0,25,75,7,7,0,fail
7,A31,0,25,75,7,7.2,0,fail
8,A31,0,25,75,7,7.8,0,fail
9,A31,0,25,75,7,8,0,fail
10,A31,0,25,75,7,8.2,0,fail
11,A31,0,25,75,7,8.5,0,fail
12,A31,0,25,75,7,7.8,0,fail
13,A31,0,25,75,7,8,0,fail
14,A31,0,25,75,7,8.8,0,fail
15,A31,0,25,75,7,9,0,fail
16,A31,0,25,75,7,9,0,fail
17,A31,0,25,75,7,9.2,0,fail
18,A31,0,25,75,7.2,5,0,fail
19,A31,0,25,75,7.2,8.2,0,fail
20,A31,0,25,75,7.2,8.5,0,fail
21,A31,0,25,75,7.2,7.5,0,fail
22,A31,0,25,75,7.2,7.2,0,fail
23,A31,0,25,75,7.2,6.5,0,fail
24,A31,0,25,75,7.2,6.4,0,fail
25,A31,40,25,75,7.2,5.2,100,bad
26,A31,0,25,75,7.2,5.5,0,fail
27,A31,0,25,75,7.2,6,0,fail
28,A31,0,25,75,7.2,6.2,0,fail
29,A31,0,25,75,7.2,7,0,fail
1,A32,0,25,75,7,9.2,0,fail
2,A32,0,25,75,7,9.5,0,fail
3,A32,0,25,75,7,8.8,0,fail
4,A32,0,25,75,7,6.8,0,fail
5,A32,0,25,75,7,7,0,fail
6,A32,0,25,75,7,7.8,0,fail
7,A32,0,25,75,7,8,0,fail
8,A32,80,25,75,7,7.3,80,good
9,A32,50,25,75,7,7,130,bad
10,A32,0,25,75,7,5.2,0,fail
11,A32,0,25,75,7,4.5,0,fail
12,A32,0,25,75,7,4.8,0,fail
13,A32,0,25,75,7,5,0,fail
14,A32,0,25,75,7,4.3,0,fail
15,A32,0,25,75,7,5.5,0,fail
16,A32,0,25,75,7,6,0,fail
17,A32,0,25,75,7.2,6.5,0,fail
18,A32,0,25,75,7.2,7,0,fail
19,A32,0,25,75,7.2,7.5,0,fail
20,A32,0,25,75,7.2,7.8,0,fail
21,A32,0,25,75,7.2,8.5,0,fail
22,A32,40,25,75,7.2,4.7,170,bad
23,A32,0,25,75,7.2,9.2,0,fail
24,A32,0,25,75,7.4,8,0,fail
25,A32,0,25,75,7.4,7.8,0,fail
26,A32,0,25,75,7.4,8.5,0,fail
27,A32,0,25,75,7.4,8,0,fail
28,A32,0,25,75,7.4,7.8,0,fail
29,A32,0,25,75,7.4,6.2,0,fail
1,A33,0,25,75,7,9.2,0,fail
2,A33,0,25,75,7,9,0,fail
3,A33,0,25,75,7,8.8,0,fail
4,A33,0,25,75,7,7,0,fail
5,A33,0,25,75,7,7.8,0,fail
6,A33,0,25,75,7,7,0,fail
7,A33,0,25,75,7,8,0,fail
8,A33,100,25,75,7,8.5,100,very good
9,A33,0,25,75,7,7,0,fail
10,A33,0,25,75,7,5.2,0,fail
11,A33,0,25,75,7,6,0,fail
12,A33,0,25,75,7,6.5,0,fail
13,A33,35,25,75,7,5,135,bad
14,A33,0,25,75,7,8,0,fail
15,A33,0,25,75,7,8.2,0,fail
16,A33,0,25,75,7,7,0,fail
17,A33,0,25,75,7.2,5.5,0,fail
18,A33,0,25,75,7.2,5,0,fail
19,A33,0,25,75,7.2,4.2,0,fail
20,A33,0,25,75,7.2,3.8,0,fail
21,A33,0,25,75,7.2,8.5,0,fail
22,A33,0,25,75,7.2,9,0,fail
23,A33,0,25,75,7.2,9.2,0,fail
24,A33,0,25,75,7.2,8,0,fail
25,A33,0,25,75,7.2,7.8,0,fail
26,A33,0,25,75,7.2,8.5,0,fail
27,A33,30,25,75,7.2,4.8,165,bad
28,A33,0,25,75,7.2,7.8,0,fail
29,A33,0,25,75,7.2,6.2,0,fail
1,A34,135,25,75,7,9.2,135,over
2,A34,0,25,75,7,9.5,0,fail
3,A34,0,25,75,7,8.8,0,fail
4,A34,0,25,75,7,6.8,0,fail
5,A34,0,25,75,7,7,0,fail
6,A34,0,25,75,7,7.8,0,fail
7,A34,0,25,75,7,8,0,fail
8,A34,0,25,75,7,7.8,0,fail
9,A34,0,25,75,7,7,0,fail
10,A34,0,25,75,7,6.5,0,fail
11,A34,0,25,75,7,7,0,fail
12,A34,0,25,75,7,7.2,0,fail
13,A34,0,25,75,7,7.8,0,fail
14,A34,0,25,75,7,8,0,fail
15,A34,0,25,75,7,8.5,0,fail
16,A34,0,25,75,7,8.2,0,fail
17,A34,0,25,75,7.2,8,0,fail
18,A34,0,25,75,7.2,6.7,0,fail
19,A34,0,25,75,7.2,7,0,fail
20,A34,0,25,75,7.2,6.5,0,fail
21,A34,0,25,75,7.2,5,0,fail
22,A34,0,25,75,7.2,5.2,0,fail
23,A34,0,25,75,7.2,4.8,0,fail
24,A34,0,25,75,7.4,5,0,fail
25,A34,0,25,75,7.4,7.2,0,fail
26,A34,0,25,75,7.4,5.5,0,fail
27,A34,20,25,75,7.2,4.2,155,very bad
28,A34,0,25,75,7.4,7.8,0,fail
29,A34,0,25,75,7.4,6.2,0,fail
1,A35,0,25,75,7,9.2,0,fail
2,A35,0,25,75,7,9.5,0,fail
3,A35,0,25,75,7,8.8,0,fail
4,A35,0,25,75,7,8.2,0,fail
5,A35,0,25,75,7,7,0,fail
6,A35,0,25,75,7,7.8,0,fail
7,A35,0,25,75,7,8,0,fail
8,A35,140,25,75,7,9.3,140,over
9,A35,0,25,75,7,7,0,fail
10,A35,0,25,75,7,7.5,0,fail
11,A35,0,25,75,7,7.8,0,fail
12,A35,0,25,75,7,8,0,fail
13,A35,0,25,75,7,8.2,0,fail
14,A35,0,25,75,7,8,0,fail
15,A35,0,25,75,7,8.5,0,fail
16,A35,0,25,75,7,7,0,fail
17,A35,0,25,75,7.2,6.5,0,fail
18,A35,0,25,75,7.2,6,0,fail
19,A35,0,25,75,7.2,7,0,fail
20,A35,0,25,75,7.2,7.2,0,fail
21,A35,0,25,75,7.2,7.5,0,fail
22,A35,70,25,75,7.2,6.9,210,normal
23,A35,0,25,75,7.2,9.2,0,fail
24,A35,0,25,75,7.2,8,0,fail
25,A35,0,25,75,7.2,7.8,0,fail
26,A35,0,25,75,7.2,8.5,0,fail
27,A35,0,25,75,7.2,8,0,fail
28,A35,0,25,75,7.2,7.8,0,fail
29,A35,0,25,75,7.2,6.2,0,fail
1,A35,0,25,75,7,9.2,0,fail
2,A35,0,25,75,7,9.5,0,fail
3,A35,0,25,75,7,8.8,0,fail
4,A35,0,25,75,7,8.2,0,fail
5,A35,0,25,75,7,7,0,fail
6,A35,0,25,75,7,7.8,0,fail
7,A35,0,25,75,7,8,0,fail
8,A35,140,25,75,7,9.3,140,over
9,A35,0,25,75,7,7,0,fail
10,A35,0,25,75,7,7.5,0,fail
11,A35,0,25,75,7,7.8,0,fail
12,A35,0,25,75,7,8,0,fail
13,A35,0,25,75,7,8.2,0,fail
14,A35,0,25,75,7,8,0,fail
15,A35,0,25,75,7,8.5,0,fail
16,A35,0,25,75,7,7,0,fail
17,A35,0,25,75,7.2,6.5,0,fail
18,A35,0,25,75,7.2,6,0,fail
19,A35,0,25,75,7.2,7,0,fail
20,A35,0,25,75,7.2,7.2,0,fail
21,A35,0,25,75,7.2,7.5,0,fail
22,A35,70,25,75,7.2,6.9,210,normal
23,A35,0,25,75,7.2,9.2,0,fail
24,A35,0,25,75,7.2,8,0,fail
25,A35,0,25,75,7.2,7.8,0,fail
26,A35,0,25,75,7.2,8.5,0,fail
27,A35,0,25,75,7.2,8,0,fail
28,A35,0,25,75,7.2,7.8,0,fail
29,A35,0,25,75,7.2,6.2,0,fail
1,A36,0,25,75,7,9.2,0,fail
2,A36,0,25,75,7,9.5,0,fail
3,A36,0,25,75,7,8.8,0,fail
4,A36,0,25,75,7,6.8,0,fail
5,A36,0,25,75,7,7.2,0,fail
6,A36,0,25,75,7,7.8,0,fail
7,A36,0,25,75,7,8,0,fail
8,A36,110,25,75,7.2,9.2,110,very good
9,A36,0,25,75,7.2,7,0,fail
10,A36,0,25,75,7.2,7.5,0,fail
11,A36,0,25,75,7.2,7.8,0,fail
12,A36,0,25,75,7.2,8,0,fail
13,A36,0,25,75,7.2,8.2,0,fail
14,A36,0,25,75,7.2,8.5,0,fail
15,A36,0,25,75,7.2,9,0,fail
16,A36,0,25,75,7.2,9.2,0,fail
17,A36,0,25,75,7.2,8,0,fail
18,A36,0,25,75,7.2,8.3,0,fail
19,A36,0,25,75,7.2,8,0,fail
20,A36,0,25,75,7.2,7.5,0,fail
21,A36,0,25,75,7.2,7,0,fail
22,A36,0,25,75,7.2,6.5,0,fail
23,A36,0,25,75,7.2,4,0,fail
24,A36,0,25,75,7.4,6.8,0,fail
25,A36,0,25,75,7.4,7,0,fail
26,A36,0,25,75,7.4,7.5,0,fail
27,A36,0,25,75,7.4,8,0,fail
28,A36,0,25,75,7.4,7.8,0,fail
29,A36,0,25,75,7.4,6.2,0,fail
1,A37,0,25,75,7,9.2,0,fail
2,A37,0,25,75,7,9.5,0,fail
3,A37,0,25,75,7,8.8,0,fail
4,A37,0,25,75,7,8.5,0,fail
5,A37,0,25,75,7,8,0,fail
6,A37,0,25,75,7,7.8,0,fail
7,A37,0,25,75,7,8.2,0,fail
8,A37,0,25,75,7,7.5,0,fail
9,A37,0,25,75,7,7,0,fail
10,A37,0,25,75,7,8,0,fail
11,A37,0,25,75,7,8.2,0,fail
12,A37,0,25,75,7,7.2,0,fail
13,A37,0,25,75,7,7.8,0,fail
14,A37,0,25,75,7,8,0,fail
15,A37,0,25,75,7,8.2,0,fail
16,A37,0,25,75,7,7,0,fail
17,A37,0,25,75,7.2,5.5,0,fail
18,A37,0,25,75,7.2,5.2,0,fail
19,A37,0,25,75,7.2,4.3,0,fail
20,A37,0,25,75,7.2,3.8,0,fail
21,A37,0,25,75,7.2,8.5,0,fail
22,A37,0,25,75,7.2,9,0,fail
23,A37,0,25,75,7.2,9.2,0,fail
24,A37,0,25,75,7.4,8,0,fail
25,A37,0,25,75,7.4,7.8,0,fail
26,A37,0,25,75,7.4,8.5,0,fail
27,A37,0,25,75,7.4,8,0,fail
28,A37,0,25,75,7.4,7.8,0,fail
29,A37,0,25,75,7.4,6.2,0,fail
1,A38,0,25,75,7,9.2,0,fail
2,A38,0,25,75,7,9.5,0,fail
3,A38,0,25,75,7,8.8,0,fail
4,A38,0,25,75,7,6.8,0,fail
5,A38,0,25,75,7,7,0,fail
6,A38,0,25,75,7,6.5,0,fail
7,A38,0,25,75,7,8,0,fail
8,A38,110,25,75,7,9,110,very good
9,A38,0,25,75,7,6,0,fail
10,A38,0,25,75,7,6.5,0,fail
11,A38,0,25,75,7,5.2,0,fail
12,A38,0,25,75,7,4.8,0,fail
13,A38,0,25,75,7,4,0,fail
14,A38,0,25,75,7,6.5,0,fail
15,A38,0,25,75,7,7,0,fail
16,A38,0,25,75,7,8.2,0,fail
17,A38,0,25,75,7.2,8.8,0,fail
18,A38,0,25,75,7.2,9,0,fail
19,A38,135,25,75,7.2,9.5,245,over
20,A38,0,25,75,7.2,8.8,0,fail
21,A38,0,25,75,7.2,8.5,0,fail
22,A38,0,25,75,7.2,9,0,fail
23,A38,0,25,75,7.2,9.2,0,fail
24,A38,0,25,75,7.4,8,0,fail
25,A38,0,25,75,7.4,7.8,0,fail
26,A38,0,25,75,7.4,8.5,0,fail
27,A38,0,25,75,7.4,8,0,fail
28,A38,0,25,75,7.4,7.8,0,fail
29,A38,0,25,75,7.4,7,0,fail
1,A39,0,25,75,7,8.5,0,fail
2,A39,0,25,75,7,8.2,0,fail
3,A39,0,25,75,7,7,0,fail
4,A39,0,25,75,7,6.5,0,fail
5,A39,70,25,75,7,6.9,70,normal
6,A39,0,25,75,7.2,55,0,fail
7,A39,0,25,75,7.2,5.2,0,fail
8,A39,0,25,75,7.2,6,0,fail
9,A39,0,25,75,7.2,6.2,0,fail
10,A39,0,25,75,7.2,7,0,fail
11,A39,0,25,75,7.2,7.8,0,fail
12,A39,0,25,75,7.2,7.8,0,fail
13,A39,0,25,75,7.2,8.2,0,fail
14,A39,0,25,75,7.2,8,0,fail
15,A39,0,25,75,7.2,8.5,0,fail
16,A39,0,25,75,7.2,9,0,fail
17,A39,0,25,75,7,9.2,0,fail
18,A39,0,25,75,7,7.5,0,fail
19,A39,0,25,75,7,6.2,0,fail
20,A39,0,25,75,7,7.4,0,fail
21,A39,0,25,75,7,5.5,0,fail
22,A39,0,25,75,7,5.2,0,fail
23,A39,0,25,75,7,4.8,0,fail
24,A39,0,25,75,7,4,0,fail
25,A39,0,25,75,7,5.6,0,fail
26,A39,0,25,75,7,7.5,0,fail
27,A39,0,25,75,7,8,0,fail
28,A39,80,25,75,7,7.5,150,good
29,A39,0,25,75,7,6,0,fail
1,A40,0,25,75,7,8.5,0,fail
2,A40,0,25,75,7,8.2,0,fail
3,A40,0,25,75,7,8,0,fail
4,A40,0,25,75,7,7.8,0,fail
5,A40,0,25,75,7.2,7.5,0,fail
6,A40,0,25,75,7.2,6,0,fail
7,A40,0,25,75,7.2,6.5,0,fail
8,A40,0,25,75,7.2,6.5,0,fail
9,A40,0,25,75,7.2,6.2,0,fail
10,A40,0,25,75,7.2,7,0,fail
11,A40,0,25,75,7.2,7.2,0,fail
12,A40,0,25,75,7.2,5.5,0,fail
13,A40,0,25,75,7.2,5.2,0,fail
14,A40,0,25,75,7.2,4.8,0,fail
15,A40,0,25,75,7.2,4.5,0,fail
16,A40,0,25,75,7.2,3,0,fail
17,A40,0,25,75,7.5,3.5,0,fail
18,A40,0,25,75,7.5,4,0,fail
19,A40,0,25,75,7.5,5.8,0,fail
20,A40,0,25,75,7.5,6,0,fail
21,A40,0,25,75,7.5,5.5,0,fail
22,A40,0,25,75,7.5,5.2,0,fail
23,A40,0,25,75,7.5,6.8,0,fail
24,A40,0,25,75,7.5,7,0,fail
25,A40,0,25,75,7.5,7.8,0,fail
26,A40,0,25,75,7.5,7.5,0,fail
27,A40,0,25,75,7.5,8,0,fail
28,A40,0,25,75,7.5,7.5,0,fail
29,A40,0,25,75,7.5,6,0,fail
1,A41,0,25,75,7,8.5,0,fail
2,A41,0,25,75,7,8.2,0,fail
3,A41,0,25,75,7,9,0,fail
4,A41,0,25,75,7,9.5,0,fail
5,A41,0,25,75,7,8,0,fail
6,A41,0,25,75,7,8.4,0,fail
7,A41,0,25,75,7,7,0,fail
8,A41,80,25,75,7,6,80,good
9,A41,0,25,75,7,6.2,0,fail
10,A41,0,25,75,7,7,0,fail
11,A41,0,25,75,7,8.5,0,fail
12,A41,0,25,75,7,8.8,0,fail
13,A41,0,25,75,7,7.8,0,fail
14,A41,0,25,75,7,7.5,0,fail
15,A41,0,25,75,7,8,0,fail
16,A41,35,25,75,7,4.5,115,bad
17,A41,0,25,75,7,5.2,0,fail
18,A41,0,25,75,7.2,6,0,fail
19,A41,0,25,75,7.2,6.2,0,fail
20,A41,0,25,75,7.2,6.8,0,fail
21,A41,0,25,75,7.2,7,0,fail
22,A41,0,25,75,7.2,8.2,0,fail
23,A41,0,25,75,7.2,8.8,0,fail
24,A41,0,25,75,7.2,5,0,fail
25,A41,0,25,75,7.2,5.6,0,fail
26,A41,0,25,75,7.2,7.5,0,fail
27,A41,0,25,75,7.2,8,0,fail
28,A41,0,25,75,7.2,7.5,0,fail
29,A41,0,25,75,7.2,7,0,fail
1,A42,0,25,75,7,8.5,0,fail
2,A42,0,25,75,7,8.2,0,fail
3,A42,0,25,75,7,7,0,fail
4,A42,80,25,75,7,7.8,80,good
5,A42,0,25,75,7,6.9,0,fail
6,A42,0,25,75,7.2,5.5,0,fail
7,A42,0,25,75,7.2,5.2,0,fail
8,A42,0,25,75,7.2,6,0,fail
9,A42,0,25,75,7.2,6.2,0,fail
10,A42,0,25,75,7.2,7,0,fail
11,A42,0,25,75,7.2,7.8,0,fail
12,A42,0,25,75,7.2,7.8,0,fail
13,A42,0,25,75,7.2,8.2,0,fail
14,A42,0,25,75,7.2,8,0,fail
15,A42,0,25,75,7.2,8.5,0,fail
16,A42,0,25,75,7.2,9,0,fail
17,A42,0,25,75,7,9.2,0,fail
18,A42,0,25,75,7,7.5,0,fail
19,A42,0,25,75,7,6.2,0,fail
20,A42,0,25,75,7,7.4,0,fail
21,A42,0,25,75,7,5.5,0,fail
22,A42,0,25,75,7,5.2,0,fail
23,A42,0,25,75,7,4.5,0,fail
24,A42,0,25,75,7,4,0,fail
25,A42,20,25,75,7,4.6,100,very bad
26,A42,0,25,75,7,7.5,0,fail
27,A42,0,25,75,7,8,0,fail
28,A42,0,25,75,7,7.5,0,fail
29,A42,0,25,75,7,6,0,fail
1,A43,0,25,75,7,8.5,0,fail
2,A43,0,25,75,7,8.8,0,fail
3,A43,0,25,75,7,9,0,fail
4,A43,0,25,75,7,6.5,0,fail
5,A43,0,25,75,7,6.9,0,fail
6,A43,0,25,75,7.2,5.5,0,fail
7,A43,0,25,75,7.2,5.2,0,fail
8,A43,0,25,75,7.2,6,0,fail
9,A43,0,25,75,7.2,6.2,0,fail
10,A43,0,25,75,7.2,7,0,fail
11,A43,0,25,75,7.2,5.2,0,fail
12,A43,0,25,75,7.2,4.8,0,fail
13,A43,0,25,75,7.2,4.2,0,fail
14,A43,0,25,75,7.2,4,0,fail
15,A43,0,25,75,7.2,3.2,0,fail
16,A43,0,25,75,7.2,4,0,fail
17,A43,0,25,75,7.5,3.5,0,fail
18,A43,0,25,75,7.5,5.2,0,fail
19,A43,0,25,75,7.5,5.8,0,fail
20,A43,0,25,75,7.5,6,0,fail
21,A43,0,25,75,7.5,7.8,0,fail
22,A43,0,25,75,7.5,8,0,fail
23,A43,0,25,75,7.5,8.5,0,fail
24,A43,0,25,75,7.5,8.8,0,fail
25,A43,0,25,75,7.5,8.2,0,fail
26,A43,0,25,75,7.5,8.4,0,fail
27,A43,0,25,75,7.5,7,0,fail
28,A43,0,25,75,7.5,7.5,0,fail
29,A43,0,25,75,7.5,6,0,fail
1,A44,0,25,75,7,8.5,0,fail
2,A44,0,25,75,7,8.2,0,fail
3,A44,0,25,75,7,7,0,fail
4,A44,80,25,75,7.2,7.8,80,good
5,A44,0,25,75,7.2,6.9,0,fail
6,A44,0,25,75,7.2,7,0,fail
7,A44,0,25,75,7.2,7.8,0,fail
8,A44,0,25,75,7.2,7.5,0,fail
9,A44,0,25,75,7.2,6.5,0,fail
10,A44,0,25,75,7.2,7,0,fail
11,A44,0,25,75,7.2,7.8,0,fail
12,A44,0,25,75,7.2,8.2,0,fail
13,A44,0,25,75,7.2,8.2,0,fail
14,A44,0,25,75,7.2,8,0,fail
15,A44,0,25,75,7.4,9.2,0,fail
16,A44,0,25,75,7.4,9,0,fail
17,A44,0,25,75,7.4,9,0,fail
18,A44,0,25,75,7.4,8.8,0,fail
19,A44,0,25,75,7.4,8.5,0,fail
20,A44,0,25,75,7.4,7.4,0,fail
21,A44,0,25,75,7.4,5.5,0,fail
22,A44,0,25,75,7.4,5.2,0,fail
23,A44,0,25,75,7.4,4.8,0,fail
24,A44,0,25,75,7.4,4,0,fail
25,A44,0,25,75,7.4,8.8,0,fail
26,A44,0,25,75,7.4,7.5,0,fail
27,A44,0,25,75,7.5,7.8,0,fail
28,A44,0,25,75,7.5,8,0,fail
29,A44,140,25,75,7.5,10,220,over
1,A45,140,25,75,6.9,9.8,140,over
2,A45,0,25,75,6.9,9,0,fail
3,A45,0,25,75,6.9,9.2,0,fail
4,A45,0,25,75,6.9,8.8,0,fail
5,A45,0,25,75,6.9,8.2,0,fail
6,A45,0,25,75,6.9,7.5,0,fail
7,A45,0,25,75,6.9,7.8,0,fail
8,A45,0,25,75,6.9,7,0,fail
9,A45,0,25,75,6.9,6.5,0,fail
10,A45,0,25,75,6.9,5.5,0,fail
11,A45,0,25,75,7,4.2,0,fail
12,A45,0,25,75,7,4.8,0,fail
13,A45,0,25,75,7,5.8,0,fail
14,A45,0,25,75,7,6.2,0,fail
15,A45,0,25,75,7,6.5,0,fail
16,A45,0,25,75,7,5,0,fail
17,A45,0,25,75,7,5.5,0,fail
18,A45,0,25,75,7,5.8,0,fail
19,A45,0,25,75,7,4.5,0,fail
20,A45,0,25,75,7,6,0,fail
21,A45,0,25,75,7,6.2,0,fail
22,A45,0,25,75,7,7,0,fail
23,A45,0,25,75,7,7.8,0,fail
24,A45,0,25,75,7,8.2,0,fail
25,A45,0,25,75,7,8.5,0,fail
26,A45,0,25,75,7,9,0,fail
27,A45,0,25,75,7.2,9.2,0,fail
28,A45,90,25,75,7.2,8.3,230,good
29,A45,0,25,75,7.2,8,0,fail
1,A46,0,25,75,7,8.8,0,fail
2,A46,0,25,75,7,9,0,fail
3,A46,0,25,75,7,9.2,0,fail
4,A46,0,25,75,7,9,0,fail
5,A46,0,25,75,7,8.2,0,fail
6,A46,0,25,75,7,8.5,0,fail
7,A46,0,25,75,7,7,0,fail
8,A46,0,25,75,7,6.2,0,fail
9,A46,0,25,75,7,6.5,0,fail
10,A46,0,25,75,7,7.7,0,fail
11,A46,135,25,75,7,9.5,135,over
12,A46,0,25,75,7,8,0,fail
13,A46,0,25,75,7,8.5,0,fail
14,A46,0,25,75,7,8.8,0,fail
15,A46,0,25,75,7.2,9,0,fail
16,A46,0,25,75,7.2,7.8,0,fail
17,A46,0,25,75,7.2,7.5,0,fail
18,A46,0,25,75,7.2,7.2,0,fail
19,A46,0,25,75,7.2,6.5,0,fail
20,A46,0,25,75,7.2,6,0,fail
21,A46,0,25,75,7.2,6.2,0,fail
22,A46,0,25,75,7.2,7,0,fail
23,A46,0,25,75,7.2,7.5,0,fail
24,A46,0,25,75,7.2,7.2,0,fail
25,A46,60,25,75,7.2,6.5,195,normal
26,A46,0,25,75,7.2,4.5,0,fail
27,A46,0,25,75,7.2,5,0,fail
28,A46,0,25,75,7.2,4.7,0,fail
29,A46,0,25,75,7.2,6,0,fail
1,A46,0,25,75,7,8.8,0,fail
2,A46,0,25,75,7,9,0,fail
3,A46,0,25,75,7,9.2,0,fail
4,A46,0,25,75,7,9,0,fail
5,A46,0,25,75,7,8.2,0,fail
6,A46,0,25,75,7,8.5,0,fail
7,A46,0,25,75,7,7,0,fail
8,A46,0,25,75,7,6.2,0,fail
9,A46,0,25,75,7,6.5,0,fail
10,A46,0,25,75,7,7.7,0,fail
11,A46,135,25,75,7,9.5,135,very bad
12,A46,0,25,75,7,8,0,fail
13,A46,0,25,75,7,8.5,0,fail
14,A46,0,25,75,7,8.8,0,fail
15,A46,0,25,75,7.2,9,0,fail
16,A46,0,25,75,7.2,7.8,0,fail
17,A46,0,25,75,7.2,7.5,0,fail
18,A46,0,25,75,7.2,7.2,0,fail
19,A46,0,25,75,7.2,6.5,0,fail
20,A46,0,25,75,7.2,6,0,fail
21,A46,0,25,75,7.2,6.2,0,fail
22,A46,0,25,75,7.2,7,0,fail
23,A46,0,25,75,7.2,7.5,0,fail
24,A46,0,25,75,7.2,7.2,0,fail
25,A46,60,25,75,7.2,6.5,195,normal
26,A46,0,25,75,7.2,4.5,0,fail
27,A46,0,25,75,7.2,5,0,fail
28,A46,0,25,75,7.2,4.7,0,fail
29,A46,0,25,75,7.2,6,0,fail
1,A47,0,25,75,7,6.9,0,fail
2,A47,0,25,75,7,5.5,0,fail
3,A47,0,25,75,7,6,0,fail
4,A47,0,25,75,7,5.8,0,fail
5,A47,0,25,75,7,6.2,0,fail
6,A47,0,25,75,7,7.5,0,fail
7,A47,0,25,75,7,7.8,0,fail
8,A47,100,25,75,7,8.3,100,very good
9,A47,0,25,75,7,5.5,0,fail
10,A47,30,25,75,7,4.8,130,very bad
11,A47,0,25,75,7,6,0,fail
12,A47,0,25,75,7,6.9,0,fail
13,A47,0,25,75,7,6.2,0,fail
14,A47,0,25,75,7,5.8,0,fail
15,A47,0,25,75,7,7.8,0,fail
16,A47,0,25,75,7,7.5,0,fail
17,A47,0,25,75,7.2,5.5,0,fail
18,A47,0,25,75,7.2,5.2,0,fail
19,A47,0,25,75,7.2,4.7,0,fail
20,A47,0,25,75,7.2,4,0,fail
21,A47,0,25,75,7.2,6.2,0,fail
22,A47,0,25,75,7.2,7,0,fail
23,A47,0,25,75,7.2,7.5,0,fail
24,A47,0,25,75,7.2,6.2,0,fail
25,A47,0,25,75,7.2,5.5,0,fail
26,A47,0,25,75,7.2,5.2,0,fail
27,A47,0,25,75,7.2,4.7,0,fail
28,A47,60,25,75,7.2,6.2,190,bad
29,A47,0,25,75,7.2,7.5,0,fail
1,A48,0,25,75,6.8,9,0,fail
2,A48,0,25,75,6.8,9.5,0,fail
3,A48,70,25,75,7,7,70,normal
4,A48,0,25,75,7,6.9,0,fail
5,A48,0,25,75,7,5.5,0,fail
6,A48,0,25,75,7,6,0,fail
7,A48,0,25,75,7,5.8,0,fail
8,A48,0,25,75,7,5,0,fail
9,A48,0,25,75,7,4.8,0,fail
10,A48,0,25,75,7,4.5,0,fail
11,A48,0,25,75,7,5.2,0,fail
12,A48,0,25,75,7,4.8,0,fail
13,A48,0,25,75,7,5,0,fail
14,A48,135,25,75,7,9.5,205,very bad
15,A48,0,25,75,7,6,0,fail
16,A48,0,25,75,7,7.3,0,fail
17,A48,0,25,75,7.2,8,0,fail
18,A48,0,25,75,7.2,7.5,0,fail
19,A48,0,25,75,7.2,7,0,fail
20,A48,0,25,75,7.2,6.5,0,fail
21,A48,0,25,75,7.2,8,0,fail
22,A48,0,25,75,7.2,4.7,0,fail
23,A48,0,25,75,7.2,4,0,fail
24,A48,0,25,75,7.2,5.8,0,fail
25,A48,80,25,75,7.2,7.7,285,good
26,A48,0,25,75,7.2,6.5,0,fail
27,A48,0,25,75,7.2,7,0,fail
28,A48,0,25,75,7.2,7.2,0,fail
29,A48,0,25,75,7.2,8,0,fail
1,A49,0,25,75,7,7.3,0,fail
2,A49,0,25,75,7,7.8,0,fail
3,A49,0,25,75,7,7,0,fail
4,A49,0,25,75,7,6.2,0,fail
5,A49,70,25,75,7,6.7,70,normal
6,A49,0,25,75,7,8,0,fail
7,A49,0,25,75,7,8.5,0,fail
8,A49,0,25,75,7,9,0,fail
9,A49,0,25,75,7,9.2,0,fail
10,A49,0,25,75,7,8,0,fail
11,A49,0,25,75,7,7.8,0,fail
12,A49,0,25,75,7,8.2,0,fail
13,A49,0,25,75,7,8.5,0,fail
14,A49,140,25,75,7.2,9.5,210,over
15,A49,0,25,75,7.2,9,0,fail
16,A49,0,25,75,7.2,8.2,0,fail
17,A49,0,25,75,7.2,8.5,0,fail
18,A49,0,25,75,7.2,8.8,0,fail
19,A49,0,25,75,7.2,6.7,0,fail
20,A49,0,25,75,7.2,5.5,0,fail
21,A49,0,25,75,7.2,4.8,0,fail
22,A49,0,25,75,7.2,6.7,0,fail
23,A49,0,25,75,7.2,7,0,fail
24,A49,0,25,75,7.2,7.5,0,fail
25,A49,100,25,75,7.3,8.5,310,very good
26,A49,0,25,75,7.3,7.5,0,fail
27,A49,0,25,75,7.3,7.2,0,fail
28,A49,0,25,75,7.3,7.8,0,fail
29,A49,0,25,75,7.3,8,0,fail
1,A50,0,25,75,7,6.9,0,fail
2,A50,0,25,75,7,7,0,fail
3,A50,0,25,75,7,7.5,0,fail
4,A50,0,25,75,7,7.8,0,fail
5,A50,90,25,75,7,7.8,90,good
6,A50,0,25,75,7,6.2,0,fail
7,A50,0,25,75,7,6.5,0,fail
8,A50,0,25,75,7,7.5,0,fail
9,A50,0,25,75,7,7,0,fail
10,A50,0,25,75,7,5.5,0,fail
11,A50,0,25,75,7,5.2,0,fail
12,A50,0,25,75,7,4.8,0,fail
13,A50,0,25,75,7,5,0,fail
14,A50,0,25,75,7,5.8,0,fail
15,A50,0,25,75,7,6,0,fail
16,A50,0,25,75,7,6.9,0,fail
17,A50,0,25,75,7,7.5,0,fail
18,A50,0,25,75,7,7.8,0,fail
19,A50,0,25,75,7,8,0,fail
20,A50,0,25,75,7.2,5.8,0,fail
21,A50,0,25,75,7.2,5.5,0,fail
22,A50,0,25,75,7.2,6,0,fail
23,A50,50,25,75,7.2,5.3,140,bad
24,A50,0,25,75,7.2,5.4,0,fail
25,A50,0,25,75,7.2,7,0,fail
26,A50,0,25,75,7.2,7.5,0,fail
27,A50,0,25,75,7.2,8.8,0,fail
28,A50,0,25,75,7.2,7.2,0,fail
29,A50,0,25,75,7.3,8,0,fail
1,A51,0,25,75,7,5.5,0,fail
2,A51,0,25,75,7,5.8,0,fail
3,A51,0,25,75,7,6,0,fail
4,A51,0,25,75,7,6.8,0,fail
5,A51,0,25,75,7,7,0,fail
6,A51,0,25,75,7,7.2,0,fail
7,A51,0,25,75,7,7.5,0,fail
8,A51,90,25,75,7,7.8,90,good
9,A51,0,25,75,7,8.2,0,fail
10,A51,0,25,75,7,8.5,0,fail
11,A51,0,25,75,7,9,0,fail
12,A51,0,25,75,7,8.2,0,fail
13,A51,0,25,75,7,8.8,0,fail
14,A51,0,25,75,7,7.8,0,fail
15,A51,0,25,75,7,6.5,0,fail
16,A51,0,25,75,7,6.2,0,fail
17,A51,0,25,75,7,5,0,fail
18,A51,0,25,75,7,6.7,0,fail
19,A51,0,25,75,7,5.8,0,fail
20,A51,0,25,75,7,6,0,fail
21,A51,0,25,75,7,4.8,0,fail
22,A51,0,25,75,7,5.2,0,fail
23,A51,0,25,75,7,6.8,0,fail
24,A51,135,25,75,7.3,9.5,225,over
25,A51,0,25,75,7.3,9,0,fail
26,A51,0,25,75,7.3,8.5,0,fail
27,A51,0,25,75,7.3,7.5,0,fail
28,A51,0,25,75,7.3,7.2,0,fail
29,A51,0,25,75,7.3,7.8,0,fail
1,A52,0,25,75,7,7.8,0,fail
2,A52,0,25,75,7,7.5,0,fail
3,A52,0,25,75,7,7.2,0,fail
4,A52,0,25,75,7,8.2,0,fail
5,A52,90,25,75,7,8,90,good
6,A52,0,25,75,7,7.8,0,fail
7,A52,0,25,75,7,7,0,fail
8,A52,0,25,75,7,6.7,0,fail
9,A52,0,25,75,7,6.5,0,fail
10,A52,0,25,75,7.2,6.7,0,fail
11,A52,0,25,75,7.2,8.2,0,fail
12,A52,0,25,75,7.2,8.5,0,fail
13,A52,0,25,75,7.2,7.2,0,fail
14,A52,0,25,75,7.2,6.7,0,fail
15,A52,0,25,75,7.2,6.5,0,fail
16,A52,0,25,75,7.2,5,0,fail
17,A52,0,25,75,7.2,4.8,0,fail
18,A52,0,25,75,7.2,5,0,fail
19,A52,0,25,75,7.2,5.5,0,fail
20,A52,0,25,75,7.2,5.2,0,fail
21,A52,0,25,75,7,6.7,0,fail
22,A52,0,25,75,7,7,0,fail
23,A52,0,25,75,7,7.2,0,fail
24,A52,0,25,75,7,7.5,0,fail
25,A52,70,25,75,7,6.8,160,normal
26,A52,0,25,75,7,5.5,0,fail
27,A52,0,25,75,7,5.2,0,fail
28,A52,0,25,75,7,5.8,0,fail
29,A52,0,25,75,7,6,0,fail
1,A53,0,25,75,7,6.8,0,fail
2,A53,0,25,75,7,6.5,0,fail
3,A53,0,25,75,7,7.2,0,fail
4,A53,0,25,75,7,7.8,0,fail
5,A53,0,25,75,7,8.5,0,fail
6,A53,0,25,75,7,8.8,0,fail
7,A53,0,25,75,7,7,0,fail
8,A53,0,25,75,7,7.2,0,fail
9,A53,0,25,75,7,6.5,0,fail
10,A53,0,25,75,7,6,0,fail
11,A53,0,25,75,7,8.2,0,fail
12,A53,135,25,75,7.2,9.6,135,over
13,A53,0,25,75,7.2,8.5,0,fail
14,A53,0,25,75,7.2,8,0,fail
15,A53,0,25,75,7.2,7.8,0,fail
16,A53,0,25,75,7.2,7.5,0,fail
17,A53,0,25,75,7.2,7,0,fail
18,A53,0,25,75,7.2,6.8,0,fail
19,A53,0,25,75,7.2,6,0,fail
20,A53,0,25,75,7.2,5.8,0,fail
21,A53,0,25,75,7.2,5,0,fail
22,A53,0,25,75,7.2,4.8,0,fail
23,A53,0,25,75,7.4,4.7,0,fail
24,A53,0,25,75,7.4,6.5,0,fail
25,A53,0,25,75,7.4,6.2,0,fail
26,A53,0,25,75,7.4,7,0,fail
27,A53,0,25,75,7.4,4.7,0,fail
28,A53,70,25,75,7.4,7.5,205,normal
29,A53,0,25,75,7.4,6.5,0,fail
1,A54,0,25,75,7,6.8,0,fail
2,A54,0,25,75,7,6.5,0,fail
3,A54,0,25,75,7,7.2,0,fail
4,A54,0,25,75,7,7.8,0,fail
5,A54,0,25,75,7,8,0,fail
6,A54,0,25,75,7,8.5,0,fail
7,A54,50,25,75,7,6,50,bad
8,A54,0,25,75,7,5.5,0,fail
9,A54,0,25,75,7,5.8,0,fail
10,A54,0,25,75,7,6,0,fail
11,A54,0,25,75,7,6.8,0,fail
12,A54,0,25,75,7,8.5,0,fail
13,A54,0,25,75,7,8.2,0,fail
14,A54,0,25,75,7,8,0,fail
15,A54,0,25,75,7,6.8,0,fail
16,A54,0,25,75,7,6.2,0,fail
17,A54,0,25,75,7.2,5.5,0,fail
18,A54,0,25,75,7.2,5.2,0,fail
19,A54,0,25,75,7.2,6.7,0,fail
20,A54,0,25,75,7.2,6.2,0,fail
21,A54,0,25,75,7.2,7.5,0,fail
22,A54,0,25,75,7.2,7.2,0,fail
23,A54,0,25,75,7.2,6,0,fail
24,A54,0,25,75,7.2,6.8,0,fail
25,A54,30,25,75,7.2,4.8,80,very bad
26,A54,0,25,75,7.2,4,0,fail
27,A54,0,25,75,7.2,4.7,0,fail
28,A54,0,25,75,7,4.8,0,fail
29,A54,0,25,75,7,5,0,fail
1,A55,140,25,75,7,9.8,140,over
2,A55,0,25,75,7,6.5,0,fail
3,A55,0,25,75,7,7.2,0,fail
4,A55,0,25,75,7,7.8,0,fail
5,A55,0,25,75,7,8.5,0,fail
6,A55,0,25,75,7,8.8,0,fail
7,A55,0,25,75,7,7,0,fail
8,A55,0,25,75,7,7.2,0,fail
9,A55,0,25,75,7,6.5,0,fail
10,A55,0,25,75,7,6,0,fail
11,A55,0,25,75,7,8.2,0,fail
12,A55,0,25,75,7.2,9,0,fail
13,A55,0,25,75,7.2,8.2,0,fail
14,A55,0,25,75,7.2,8.8,0,fail
15,A55,0,25,75,7.2,6.2,0,fail
16,A55,0,25,75,7.2,6.8,0,fail
17,A55,0,25,75,7.2,5.2,0,fail
18,A55,0,25,75,7.2,5.5,0,fail
19,A55,0,25,75,7.2,5,0,fail
20,A55,0,25,75,7.2,5.8,0,fail
21,A55,0,25,75,7.2,5,0,fail
22,A55,0,25,75,7.2,4.8,0,fail
23,A55,0,25,75,7.4,4.7,0,fail
24,A55,0,25,75,7.4,6.5,0,fail
25,A55,100,25,75,7,8.3,240,very good
26,A55,0,25,75,7.4,7,0,fail
27,A55,0,25,75,7.4,7,0,fail
28,A55,0,25,75,7.4,7.5,0,fail
29,A55,0,25,75,7.4,6.2,0,fail
1,A56,10,25,75,7,4.2,10,very bad
2,A56,0,25,75,7,6.5,0,fail
3,A56,0,25,75,7,7.2,0,fail
4,A56,0,25,75,7,7.8,0,fail
5,A56,0,25,75,7,8.5,0,fail
6,A56,0,25,75,7,8.8,0,fail
7,A56,0,25,75,7,7,0,fail
8,A56,0,25,75,7,7.2,0,fail
9,A56,20,25,75,7,4.7,30,very bad
10,A56,0,25,75,7,6,0,fail
11,A56,0,25,75,7,8.2,0,fail
12,A56,0,25,75,7.2,9.6,0,fail
13,A56,0,25,75,7.2,8.5,0,fail
14,A56,0,25,75,7.2,8,0,fail
15,A56,0,25,75,7.2,7.8,0,fail
16,A56,0,25,75,7.2,7.5,0,fail
17,A56,0,25,75,7.2,7,0,fail
18,A56,0,25,75,7.2,6.8,0,fail
19,A56,0,25,75,7.2,6,0,fail
20,A56,0,25,75,7.2,5.8,0,fail
21,A56,0,25,75,7.2,5,0,fail
22,A56,0,25,75,7.2,4.8,0,fail
23,A56,0,25,75,7.4,4.7,0,fail
24,A56,0,25,75,7.4,6.5,0,fail
25,A56,20,25,75,7,4.8,50,very bad
26,A56,0,25,75,7.4,7,0,fail
27,A56,0,25,75,7.4,4.7,0,fail
28,A56,0,25,75,7.4,7.5,0,fail
29,A56,0,25,75,7.4,6.5,0,fail
1,A57,0,25,75,7,6.8,0,fail
2,A57,0,25,75,7,6.5,0,fail
3,A57,0,25,75,7,7.2,0,fail
4,A57,0,25,75,7,7.8,0,fail
5,A57,0,25,75,7,8.5,0,fail
6,A57,0,25,75,7,8.8,0,fail
7,A57,10,25,75,7,4.2,10,very bad
8,A57,0,25,75,7,7.2,0,fail
9,A57,0,25,75,7,6.5,0,fail
10,A57,0,25,75,7,6,0,fail
11,A57,20,25,75,7,4.5,30,very bad
12,A57,0,25,75,7.2,9.6,0,fail
13,A57,0,25,75,7.2,8.5,0,fail
14,A57,0,25,75,7.2,8,0,fail
15,A57,0,25,75,7.2,7.8,0,fail
16,A57,0,25,75,7.2,7.5,0,fail
17,A57,0,25,75,7.2,7,0,fail
18,A57,0,25,75,7.2,6.8,0,fail
19,A57,0,25,75,7.2,6,0,fail
20,A57,0,25,75,7.2,5.8,0,fail
21,A57,0,25,75,7.2,5,0,fail
22,A57,0,25,75,7.2,4.8,0,fail
23,A57,0,25,75,7.4,4.7,0,fail
24,A57,10,25,75,7,4,40,very bad
25,A57,0,25,75,7.4,6.2,0,fail
26,A57,0,25,75,7.4,7,0,fail
27,A57,0,25,75,7.4,4.7,0,fail
28,A57,0,25,75,7.4,7.5,0,fail
29,A57,0,25,75,7.4,6.5,0,fail
1,A58,0,25,75,7,6.8,0,fail
2,A58,0,25,75,7,6.5,0,fail
3,A58,0,25,75,7,7.2,0,fail
4,A58,0,25,75,7,7.8,0,fail
5,A58,90,25,75,7,7.9,90,good
6,A58,0,25,75,7,8.8,0,fail
7,A58,0,25,75,7,7,0,fail
8,A58,0,25,75,7,7.2,0,fail
9,A58,0,25,75,7,6.5,0,fail
10,A58,0,25,75,7,6,0,fail
11,A58,0,25,75,7,8.2,0,fail
12,A58,0,25,75,7.2,9.6,0,fail
13,A58,10,25,75,7.2,4,100,very bad
14,A58,0,25,75,7.2,8,0,fail
15,A58,0,25,75,7.2,7.8,0,fail
16,A58,0,25,75,7.2,7.5,0,fail
17,A58,0,25,75,7.2,7,0,fail
18,A58,0,25,75,7.2,6.8,0,fail
19,A58,0,25,75,7.2,6,0,fail
20,A58,0,25,75,7.2,5.8,0,fail
21,A58,0,25,75,7.2,5,0,fail
22,A58,0,25,75,7.2,6,0,fail
23,A58,0,25,75,7.2,5.8,0,fail
24,A58,80,25,75,7.2,7.8,180,good
25,A58,0,25,75,7.2,6.2,0,fail
26,A58,0,25,75,7.2,7,0,fail
27,A58,0,25,75,7.2,6.8,0,fail
28,A58,0,25,75,7.2,7.2,0,fail
29,A58,0,25,75,7.2,7,0,fail
